titulo,descricao,fonte,data_publicacao,regiao,query_busca
Lula‑colossal aparece em vídeo inédito durante expedição no oceano,"Maior espécie invertebrada do mundo, lula‑colossal pode ter sido registrada pela 1ª vez em vídeo em seu habitat na Antártida; veja
The post Lula‑colossal aparece em vídeo inédito durante expedição no oceano appeared first on Giz Brasil.",Uol.com.br,2025-07-01T14:20:40Z,Pernambuco,"""Lula"" AND Brasil"
Lula vai taxar Big Techs no Brasil,"“Eu queria dizer para vocês que a gente vai julgar e vai cobrar imposto das empresas americanas digitais”, disse Lula durante o Congresso da União Nacional dos Estudantes (UNE), nesta quinta-feira (17).",Tecmundo.com.br,2025-07-18T00:13:44Z,Pernambuco,"""Lula"" AND Brasil"
EUA x Brasil: Lula afirma que vai taxar big techs,"""Esse país só é soberano porque o povo brasileiro tem orgulho desse país. E eu queria dizer que a gente vai julgar e vai cobrar imposto das empresas americanas digitais"", afirmou Lula
O post EUA x Brasil: Lula afirma que vai taxar big techs apareceu primeiro …",Olhardigital.com.br,2025-07-17T21:37:47Z,Pernambuco,"""Lula"" AND Brasil"
EUA têm interesse em minerais críticos do Brasil; Lula responde,"Tema foi citado pelo encarregado de negócios da embaixada dos Estados Unidos no Brasil em reunião com representantes do setor privado
O post EUA têm interesse em minerais críticos do Brasil; Lula responde apareceu primeiro em Olhar Digital.",Olhardigital.com.br,2025-07-25T05:17:21Z,Pernambuco,"""Lula"" AND Brasil"
Lula vai se inspirar na Índia para defender Brasil das big techs,"Lula se encontrou com o primeiro-ministro da Índia e defendeu medidas para diminuir concentração de poder de empresas privadas
O post Lula vai se inspirar na Índia para defender Brasil das big techs apareceu primeiro em Olhar Digital.",Olhardigital.com.br,2025-07-09T21:43:05Z,Pernambuco,"""Lula"" AND Brasil"
Lei define fibromialgia como deficiência em todo país a partir de 2026,"Síndrome crônica provoca dores, fadiga, ansiedade e depressão
The post Lei define fibromialgia como deficiência em todo país a partir de 2026 appeared first on Giz Brasil.",Uol.com.br,2025-07-26T14:25:37Z,Pernambuco,"""Lula"" AND Brasil"
Brics: Lula defende regras compartilhadas para inteligência artificial,"Lula discursou na abertura do Fórum Empresarial do Brics. Um dos temas de destaque foi a inteligência artificial 
O post Brics: Lula defende regras compartilhadas para inteligência artificial apareceu primeiro em Olhar Digital.",Olhardigital.com.br,2025-07-05T16:00:28Z,Pernambuco,"""Lula"" AND Brasil"
Olhar do Amanhã: como as tarifas de Trump impactam o Brasil,"Como essa decisão pode afetar o mercado da tecnologia aqui no Brasil? O consumidor brasileiro pode esperar algum impacto imediato?
O post Olhar do Amanhã: como as tarifas de Trump impactam o Brasil apareceu primeiro em Olhar Digital.",Olhardigital.com.br,2025-07-10T00:24:41Z,Pernambuco,"""Lula"" AND Brasil"
Brasil x EUA: governo cogitou usar taxação das big techs como moeda de troca no tarifaço,"Trump anunciou tarifas americanas de 50% ao Brasil. Em resposta, Lula afirmou que vai taxar as big techs. Como anda essa negociação?
O post Brasil x EUA: governo cogitou usar taxação das big techs como moeda de troca no tarifaço apareceu primeiro em Olhar Dig…",Olhardigital.com.br,2025-07-25T20:34:35Z,Pernambuco,"""Lula"" AND Brasil"
EUA: Trump avisa Lula que vai investigar ações do Brasil contra big techs,"Declaração foi dada em carta enviada ao presidente brasileiro; líder estadunidense também ameaçou com outras sanções
O post EUA: Trump avisa Lula que vai investigar ações do Brasil contra big techs apareceu primeiro em Olhar Digital.",Olhardigital.com.br,2025-07-09T22:21:45Z,Pernambuco,"""Lula"" AND Brasil"
"Em discurso, Lula cita big techs, Pix, meio ambiente e mais","Temas citados são alvo de críticas — e investigação — do governo dos EUA
O post Em discurso, Lula cita big techs, Pix, meio ambiente e mais apareceu primeiro em Olhar Digital.",Olhardigital.com.br,2025-07-18T00:28:04Z,Pernambuco,"""Lula"" AND Brasil"
"Em evento, Lula defende regulamentação das plataformas digitais e combate à desinformação","Presidente defendeu regulamentação para ""devolver aos Estados a capacidade de proteger cidadãos""
O post Em evento, Lula defende regulamentação das plataformas digitais e combate à desinformação apareceu primeiro em Olhar Digital.",Olhardigital.com.br,2025-07-21T19:33:16Z,Pernambuco,"""Lula"" AND Brasil"
Trump quer mudar a receita da Coca-Cola; veja o que disse a empresa,"A Coca-Cola não confirmou a declaração e o tarifaço pode atrapalhar os planos de Trump. 
The post Trump quer mudar a receita da Coca-Cola; veja o que disse a empresa appeared first on Giz Brasil.",Uol.com.br,2025-07-18T18:24:54Z,Pernambuco,"""Lula"" AND Brasil"
Por que os EUA estão de olho nas terras raras do Brasil?,"Casa Branca manifestou interesse nos minerais estratégicos e pode usar a questão como moeda de troca para reduzir as tarifas contra o Brasil
O post Por que os EUA estão de olho nas terras raras do Brasil? apareceu primeiro em Olhar Digital.",Olhardigital.com.br,2025-07-25T14:48:52Z,Pernambuco,"""Lula"" AND Brasil"
"'Nem a União Soviética' faria o que Trump está fazendo com o Brasil, diz Amorim ao Financial Times",Principal assessor internacional de Lula disse que Brasil vai reforçar seus laços com os países dos Brics,BBC News,2025-07-27T14:58:32Z,Pernambuco,"""Lula"" AND Brasil"
Brasil e China firmam acordo para lançar satélite geoestacionário,"Brasil e China firmam acordo para criar o CBERS-5, primeiro satélite geoestacionário brasileiro com foco em dados meteorológicos e ambientais
O post Brasil e China firmam acordo para lançar satélite geoestacionário apareceu primeiro em Olhar Digital.",Olhardigital.com.br,2025-07-06T17:57:32Z,Pernambuco,"""Lula"" AND Brasil"
The New York Times repercute ‘presente’ de Trump a Lula,"Tarifas de Trump, segundo jornal americano, reacenderam apoio ao petista e chacoalharam 'cenário político do Brasil'",Abril.com.br,2025-07-17T14:03:35Z,Pernambuco,"""Lula"" AND Brasil"
Estes carros devem ficar mais baratos no Brasil,"Novo programa do governo federal vai reduzir carga tributária de veículos mais baratos, menos poluentes e fabricados em território brasileiro
O post Estes carros devem ficar mais baratos no Brasil apareceu primeiro em Olhar Digital.",Olhardigital.com.br,2025-07-09T18:52:01Z,Pernambuco,"""Lula"" AND Brasil"
"Seu Direito Digital: a carta de Trump, regras para IA na Europa e Grok descontrolado","Semana cheia! No Seu Direito Digital, você tira dúvidas sobre a carta de Lula a Trump, a regulação de IA na Europa e as polêmicas do Grok
O post Seu Direito Digital: a carta de Trump, regras para IA na Europa e Grok descontrolado apareceu primeiro em Olhar Di…",Olhardigital.com.br,2025-07-11T00:24:15Z,Pernambuco,"""Lula"" AND Brasil"
Governo resiste à pressão dos EUA e defenderá modelo do Pix,"Governo Lula defenderá que o Pix é um sistema consolidado, amplamente adotado e não sofrerá alterações por pressão externa
O post Governo resiste à pressão dos EUA e defenderá modelo do Pix apareceu primeiro em Olhar Digital.",Olhardigital.com.br,2025-07-16T20:59:19Z,Pernambuco,"""Lula"" AND Brasil"
Lula recebe Brics com governo em pé de guerra com Congresso e dúvidas sobre futuro do bloco,Petista enfrenta duas crises ao mesmo tempo no Brasil: queda de popularidade e dificuldade na relação com o Congresso Nacional.,BBC News,2025-07-04T08:20:38Z,Pernambuco,"""Lula"" AND Brasil"
Bolsonaristas 'traidores' da nação x 'vexame' do governo Lula: as reações à nova tarifa de Trump,"Após carta de Trump a Lula, políticos governistas dizem que bolsonaristas são 'traidores'; e bolsonaristas culpam a política externa do petista.",BBC News,2025-07-09T23:42:32Z,Pernambuco,"""Lula"" AND Brasil"
Lula e Trump: Brasil e Estados Unidos vivem pior momento das relações entre os dois países?,Especialistas ouvidos pela BBC News Brasil apontam que crise das tarifas é o pior momento das relações entre Brasil e Estados Unidos,BBC News,2025-07-14T07:24:47Z,Pernambuco,"""Lula"" AND Brasil"
"Encarregado de negócios da embaixada americana não descarta adiamento de tarifaço, diz jornal",Reunião entre diplomata dos EUA e líder do governo Lula tocou no tema do adiamento de sobretaxa de 50% contra o Brasil,Abril.com.br,2025-07-17T13:56:26Z,Pernambuco,"""Lula"" AND Brasil"
Os 3 caminhos que o governo Lula estuda para enfrentar tarifas de Trump,"Antes de partir para a retaliação contra os EUA, governo Lula avalia outras estratégias, como diversificar os parceiros comerciais do Brasil e apostar no desgaste de bolsonaristas diante do impacto das tarifas",BBC News,2025-07-10T21:32:03Z,Pernambuco,"""Lula"" AND Brasil"
"'Bullying de Trump contra Brasil está saindo pela culatra', diz jornal americano Washington Post","O artigo do jornal da capital americana afirma que a demonstração de força dos EUA acabou fortalecendo Lula, que vem ganhando popularidade com o episódio e até mesmo apoio de parte das elites do país.",BBC News,2025-07-21T08:40:21Z,Pernambuco,"""Lula"" AND Brasil"
"‘Bullying de Trump contra Brasil está saindo pela culatra’, diz jornal americano",Diplomata ouvido pelo 'Washington Post' afirmou que 'Natal chegou cedo' para Lula devido a ataque 'desajeitado' do presidente dos EUA,Abril.com.br,2025-07-21T12:59:57Z,Pernambuco,"""Lula"" AND Brasil"
Frase do dia: Lula,Presidente da República,Abril.com.br,2025-07-05T13:30:50Z,Pernambuco,"""Lula"" AND Brasil"
"Trump diz que pode negociar tarifa de 50% com Lula, mas 'não agora', e volta a elogiar Bolsonaro","Trump disse que conversa com Lula pode ocorrer ""em algum momento"". Ele também voltou a elogiar o ex-presidente Jair Bolsonaro (PL) e afirmou que considera injusto o tratamento dado a ele.",BBC News,2025-07-11T16:18:50Z,Pernambuco,"""Lula"" AND Brasil"
Frase do dia: Lula,Presidente da República,Abril.com.br,2025-07-08T11:39:44Z,Pernambuco,"""Lula"" AND Brasil"
"'Chocante agressão de Trump ao Brasil' é das maiores interferências na América Latina desde a Guerra Fria, diz The Economist","Segundo a revista britânica, gatilho para ações de Donald Trump contra o Brasil parece ter sido reunião de cúpula dos Brics no Rio de Janeiro.",BBC News,2025-07-25T14:25:21Z,Pernambuco,"""Lula"" AND Brasil"
O que dizem pesquisas sobre popularidade de Lula após tarifaço de Trump,"Anúncio de Trump de que pretende taxar em 50% os produtos brasileiros repercutiu positivamente para o governo Lula, segundo pesquisas de opinião divulgadas nos últimos dias.",BBC News,2025-07-16T15:52:28Z,Pernambuco,"""Lula"" AND Brasil"
Como o Brasil poderia retaliar os EUA após tarifas de Trump,Lula diz que ‘qualquer medida de elevação de tarifas de forma unilateral será respondida à luz da Lei brasileira de Reciprocidade Econômica’.,BBC News,2025-07-11T13:03:42Z,Pernambuco,"""Lula"" AND Brasil"
"Depois de tarifa ao Brasil, Trump anuncia 30% de taxa para México e União Europeia","Anúncio deste sábado vem depois de Trump ter anunciado tarifas a Japão, Coreia do Sul, Canadá e Brasil",BBC News,2025-07-12T13:15:54Z,Pernambuco,"""Lula"" AND Brasil"
Proposta de taxação das redes sociais não deve sair do papel,"O presidente Lula defendeu a ideia nesta semana, mas o foco do governo está na regulamentação das redes sociais
O post Proposta de taxação das redes sociais não deve sair do papel apareceu primeiro em Olhar Digital.",Olhardigital.com.br,2025-07-24T12:29:18Z,Pernambuco,"""Lula"" AND Brasil"
'Trump não é xerife do mundo' e 'deve estar muito mal informado': o que Lula disse após anúncio de tarifas dos EUA,"O presidente do Brasil deu longas entrevistas ao Jornal Nacional, da Globo, e ao Jornal da Record na quinta-feira (10/7). Confira os principais destaques.",BBC News,2025-07-11T12:29:02Z,Pernambuco,"""Lula"" AND Brasil"
A nova polêmica alçada por Lula e Milei e a profecia da bolsa após recorde,"VEJA Mercado: economista Roberto Troster comenta o novo climão entre Brasil e Argentina no Mercosul, o recorde nominal do Ibovespa e a queda do dólar",Abril.com.br,2025-07-04T11:00:41Z,Pernambuco,"""Lula"" AND Brasil"
"Lula diz que Trump não é 'imperador do mundo', e Casa Branca responde",Lula afirmou à CNN que republicano age como se tivesse o poder de impor tarifas e sanções arbitrárias; governo dos EUA respondeu com críticas à política ambiental e digital do Brasil,BBC News,2025-07-17T20:54:56Z,Pernambuco,"""Lula"" AND Brasil"
Lula chama postura de Trump de 'irresponsável' e diz que mundo não quer 'imperador',Declarações acontecem após manifestações de Trump em redes sociais nas quais fez ameaças a países que adotarem políticas supostamente antiamericanas,BBC News,2025-07-07T19:15:17Z,Pernambuco,"""Lula"" AND Brasil"
Por que governo Lula planeja aderir à ação que acusa Israel de suposto genocídio em Gaza,Brasil deverá enviar manifestação crítica a Israel dentro de um processo movido pela África do Sul contra o governo de Benjamin Netanyahu,BBC News,2025-07-16T07:37:46Z,Pernambuco,"""Lula"" AND Brasil"
O passo a passo de crise com Trump que levou Moraes a impor tornozeleira eletrônica a Bolsonaro,"Da ameaça de uso da Lei Magnitsky à reação do STF, veja os principais fatos recentes na crise diplomática entre Brasil e EUA",BBC News,2025-07-18T14:32:34Z,Pernambuco,"""Lula"" AND Brasil"
Por que governo Lula não 'torce' por prisão de Bolsonaro (agora)?,"Segundo pessoas próximas a Lula, governo avalia que prisão de Bolsonaro antes de julgamento no STF alimentaria discurso de perseguição do ex-presidente e criaria ruído em meio a tarifaço de Trump",BBC News,2025-07-24T07:54:30Z,Pernambuco,"""Lula"" AND Brasil"
"'Trump está ajudando Lula, não Bolsonaro', diz colunista do Financial Times",O colunista do Financial Times (FT) Edward Luce publicou nesta terça-feira (22/07) texto afirmando que Brasil é hoje um farol democrático mais forte que os EUA.,BBC News,2025-07-23T02:15:46Z,Pernambuco,"""Lula"" AND Brasil"
"'Olho por olho, dente por dente?' O que diz a Lei de Reciprocidade que Lula pode usar contra EUA",Lula assinou decreto que regulamenta a lei que poderá ser usada para retaliar os Estados Unidos por tarifa de 50% sobre produtos brasileiros.,BBC News,2025-07-15T08:17:56Z,Pernambuco,"""Lula"" AND Brasil"
VÍDEO | O Brasil na mira de Trump: o que pode acontecer após nova tarifa de 50%,Trump anunciou nova taxa justificando que há uma 'caça às bruxas' contra o ex-presidente Bolsonaro devido ao julgamento no STF por tentativa de golpe,BBC News,2025-07-10T20:35:31Z,Pernambuco,"""Lula"" AND Brasil"
Por que o Pix entrou na mira de Trump?,"Investigação comercial contra o Brasil promovida pelo governo dos Estados Unidos cita o sistema de transferências instantâneas
O post Por que o Pix entrou na mira de Trump? apareceu primeiro em Olhar Digital.",Olhardigital.com.br,2025-07-17T15:28:40Z,Pernambuco,"""Lula"" AND Brasil"
Governo Lula já trata tarifas como realidade e não espera recuo de Trump,Integrantes do governo Lula tratam as tarifas anunciadas por Trump como realidade e vêem pouca chance dos EUA recuarem por enquanto,BBC News,2025-07-20T09:35:00Z,Pernambuco,"""Lula"" AND Brasil"
GPS nacional? Governo vai discutir a ideia,"Brasil analisa criação de um sistema nacional de navegação por satélite como forma de reduzir dependência de tecnologias estrangeiras
O post GPS nacional? Governo vai discutir a ideia apareceu primeiro em Olhar Digital.",Olhardigital.com.br,2025-07-22T12:58:49Z,Pernambuco,"""Lula"" AND Brasil"
Rumble e Trump Media acusam Moraes de tomar decisões ilegais,"Rumble e Trump Media apresentaram uma petição à Justiça dos Estados Unidos contra o ministro do STF Alexandre de Moraes
O post Rumble e Trump Media acusam Moraes de tomar decisões ilegais apareceu primeiro em Olhar Digital.",Olhardigital.com.br,2025-07-14T14:41:56Z,Pernambuco,"""Lula"" AND Brasil"
"Tarifas de Trump são ideológicas e representam 'grande oportunidade' para Lula na eleição de 2026, diz analista","Christopher Garman, diretor da consultoria Eurasia Group, entende que Trump vê similaridades entre a situacão dele e a de Bolsonaro e usou tarifas para pressionar governo brasileiro em questões políticas.",BBC News,2025-07-10T16:46:57Z,Pernambuco,"""Lula"" AND Brasil"
Brasil pode compensar tarifas de Trump vendendo para China?,"A lista de produtos brasileiros exportados aos EUA é diversificada e tem desde produtos básicos como petróleo, suco de laranja e carne, a industrializados de alta tecnologia, como aviões. Com tarifa de 50% imposta pelo presidente americano, seria a China cand…",BBC News,2025-07-11T07:39:43Z,Pernambuco,"""Lula"" AND Brasil"
Como decisão de Trump de taxar Brasil em apoio a Bolsonaro pode beneficiar Lula,"Para analistas, tarifa de 50% sobre produtos brasileiros pode fortalecer nacionalismo e apoio ao governo.",BBC News,2025-07-10T07:08:35Z,Pernambuco,"""Lula"" AND Brasil"
"""Vai piorar antes de melhorar"", diz brasilianista sobre crise entre Brasil e EUA","Para Brian Winter, governo Trump poderá impor mais medidas contra o Brasil e cenário tende a esquentar caso Bolsonaro seja preso",BBC News,2025-07-21T07:59:14Z,Pernambuco,"""Lula"" AND Brasil"
Lula e Milei em reunião do Mercosul: uma história de discórdia e farpas em 4 pontos,"Presidente brasileiro viaja pela primeira vez à Argentina desde que Javier Milei tomou posse, em meio a rusgas ideológicas e convergências de interesses.",BBC News,2025-07-03T07:36:11Z,Pernambuco,"""Lula"" AND Brasil"
Trump acusa Brasil de fazer 'caça às bruxas' contra Bolsonaro: 'Deixem ele em paz',"Em postagem nas redes sociais, Trump disse que há uma perseguição contra Bolsonaro em meio a julgamento por suposta tentativa de golpe: "" Estarei assistindo à caça às bruxas de Jair Bolsonaro, sua família e milhares de seus apoiadores muito de perto""",BBC News,2025-07-07T16:14:41Z,Pernambuco,"""Lula"" AND Brasil"
"'Com cerco a Bolsonaro e sanções contra Moraes, margem para negociação entre Brasil e EUA é mínima'","Para Guilherme Casarões, da FGV, perspectiva de que tarifas de 50% sejam efetivadas em 1º de agosto aumentou e país vive 'tentativa sem precedentes de interferência norte-americana no funcionamento da democracia brasileira'.",BBC News,2025-07-19T10:54:36Z,Pernambuco,"""Lula"" AND Brasil"
A dura carta de Trump a Lula: 'Julgamento de Bolsonaro não deveria estar acontecendo. Parem imediatamente',"Trump anunciou nova tarifa de 50% ao Brasil em mensagem com tom bem acima do adotado com outros líderes globais, disse que decisão se deu, em parte, por 'caça às bruxas' a Bolsonaro e pediu investigação contra governo brasileiro por 'ataques' aos EUA e empres…",BBC News,2025-07-09T23:08:18Z,Pernambuco,"""Lula"" AND Brasil"
"Brasileiros se unem para defender 'Pix amado' de ataques de Trump, diz Financial Times",Pix é alvo de investigações dos EUA contra supostas práticas comerciais ilegais do Brasil.,BBC News,2025-07-22T09:36:37Z,Pernambuco,"""Lula"" AND Brasil"
"Brasil quer ampliar comércio com Indonésia incluindo carne bovina, aviação civil e defesa, diz Lula",O presidente Luiz Inácio Lula da Silva disse nesta quarta-feira que o Brasil deseja diversificar ...,Terra.com.br,2025-07-09T16:19:11Z,Pernambuco,"""Lula"" AND Brasil"
"Lula diz em pronunciamento que tarifa anunciada por Trump é ""chantagem inaceitável""",O presidente Luiz Inácio Lula da Silva disse nesta quinta-feira que o Brasil sempre esteve ...,Terra.com.br,2025-07-17T23:54:06Z,Pernambuco,"""Lula"" AND Brasil"
"""No es un gringo quien va a dar órdenes a este presidente"": Lula eleva el discurso contra Trump","Sostuvo que hará ""respetar"" a Brasil en medio de la guerra arancelaria de EE.UU.",RT,2025-07-17T18:39:54Z,Pernambuco,"""Lula"" AND Brasil"
Lula anuncia pronunciamento sobre tarifaço de Trump,Presidente 'ilustrou' o comunicado com o slogan 'Brasil soberano',Abril.com.br,2025-07-17T20:07:11Z,Pernambuco,"""Lula"" AND Brasil"
Eduardo: Moraes tenta humilhar Bolsonaro e desafia Trump abertamente,Deputado diz que ação acontece na esteira do anúncio de Donald Trump de impor sanções tarifárias ao Brasil,Abril.com.br,2025-07-18T15:11:32Z,Pernambuco,"""Lula"" AND Brasil"
Embaixada dos EUA fala em ‘ataques’ a Bolsonaro e diz que acompanha situação ‘de perto’,"'As declarações do presidente Trump são claras', diz o texto",Abril.com.br,2025-07-15T00:36:22Z,Pernambuco,"""Lula"" AND Brasil"
Lula diz que governo vai 'cobrar imposto das empresas americanas digitais',"O presidente Luiz Inácio Lula da Silva disse nesta quinta-feira, 17, que o Brasil vai ""cobrar ...",Terra.com.br,2025-07-17T19:41:10Z,Pernambuco,"""Lula"" AND Brasil"
"Lula: 'Se empresário achar que temos de fazer o que EUA querem, não tem orgulho de ser brasileiro'",BRASÍLIA - O presidente Luiz Inácio Lula da Silva voltou a repetir que o Brasil usará a lei da ...,Terra.com.br,2025-07-11T00:21:13Z,Pernambuco,"""Lula"" AND Brasil"
"Nos Brics, Lula critica Otan e diz que 'temor de catástrofe nuclear' voltou",Comentário vem depois de Trump declarar que aumento de gastos com defesa foi 'grande vitória',BBC News,2025-07-06T15:16:03Z,Pernambuco,"""Lula"" AND Brasil"
O que esperar após Trump anunciar nova tarifa sobre produtos brasileiros: 'O Brasil não tem sido bom para nós',"Tensão entre EUA e Brasil cresceu nos últimos dias, após presidente americano anunciar apoio a Bolsonaro e criticar a Justiça brasileira. Agora, Trump promete nova tarifa aos produtos vindos do Brasil",BBC News,2025-07-09T18:54:41Z,Pernambuco,"""Lula"" AND Brasil"
[Coluna] Nem Trump nem Lula querem acabar com essa briga,"Tensão comercial e diplomática entre Brasil e EUA serve a ambos os presidentes, mas economia ...",Terra.com.br,2025-07-23T11:25:45Z,Pernambuco,"""Lula"" AND Brasil"
"A reação do agronegócio, amigo de Bolsonaro, às tarifas de Trump","O Brasil deve ter uma 'resposta firme e estratégica' à decisão do presidente dos Estados Unidos, Donald Trump, de impor taxa de 50% sobre as exportações brasileiras, na avaliação da Frente Parlamentar da Agropecuária (FPA).",BBC News,2025-07-10T15:29:23Z,Pernambuco,"""Lula"" AND Brasil"
Lula e lideres progressistas selam aliança em defesa da democracia,"Chefes de Estado e de governo do Chile, Brasil, Espanha, Colômbia e Uruguai se unem para debater ...",Terra.com.br,2025-07-21T22:01:13Z,Pernambuco,"""Lula"" AND Brasil"
As acusações que motivaram investigação comercial do governo Trump contra o Brasil,Apuração já havia sido ordenada por Trump em carta anunciando tarifas de 50% e foi confirmada nesta terça-feira (15/07).,BBC News,2025-07-16T13:01:15Z,Pernambuco,"""Lula"" AND Brasil"
"'Tarifa de Trump não afeta em nada apoio de Jair Bolsonaro entre eleitores fiéis', diz pesquisadora","Para Rosana Pinheiro-Machado, discurso que explora patriotismo e defesa da soberania nacional não convence apoiadores mais radicalizados do ex-presidente e seus aliados.",BBC News,2025-07-14T18:08:05Z,Pernambuco,"""Lula"" AND Brasil"
Tarcísio diz que tarifas terão impacto 'negativo' para SP e defende negociação sem 'revanchismo',"Para governador, medida anunciada por Trump afeta diretamente empresas como a Embraer; ele criticou distanciamento diplomático entre Brasil e EUA durante o governo Lula",Terra.com.br,2025-07-10T16:41:11Z,Pernambuco,"""Lula"" AND Brasil"
Lula propõe Dia da Consolidação da Independência,"Presidente do Brasil justifica decisão com o facto de a data ""marcar a expulsão definitiva das tropas portuguesas do Brasil, em 1823"". ""É um reconhecimento histórico"", considera.",Observador.pt,2025-07-02T19:23:36Z,Pernambuco,"""Lula"" AND Brasil"
'Intimidação' e 'arbitrária': a resposta de Lula a sanção dos EUA contra Moraes,Governo americano cancelou visto do ministro do STF em resposta a medidas de Moraes contra Jair Bolsonaro na sexta-feira.,BBC News,2025-07-19T14:02:36Z,Pernambuco,"""Lula"" AND Brasil"
Lula exalta sua honestidade e vira assunto: 'Preço por ser honesto',"Presidente do Brasil Luiz Inácio Lula da Silva volta a defender o ministro da Fazenda, Fernando Haddad, e fala sobre honestidade",Terra.com.br,2025-07-01T19:43:28Z,Pernambuco,"""Lula"" AND Brasil"
'Censura prévia' x 'medida prudente': advogados divergem sobre decisão de Moraes que veta Bolsonaro nas redes,Proibição da veiculação de entrevistas ou declarações do ex-presidente em redes sociais dele ou de terceiros divide opiniões entre especialistas do direito e suscita comparações com situação de Lula quando esteve preso,BBC News,2025-07-22T00:08:00Z,Pernambuco,"""Lula"" AND Brasil"
Quaest: 44% dos brasileiros temem volta de Bolsonaro; 41% receiam continuidade de Lula,A percepção do eleitor sobre o futuro político do Brasil segue praticamente inalterada. ...,Terra.com.br,2025-07-17T12:02:09Z,Pernambuco,"""Lula"" AND Brasil"
Lula posta foto com boné 'Brasil é dos brasileiros' em meio a embate tarifário com Trump,O presidente Luiz Inácio Lula da Silva (PT) publicou uma foto em seu perfil no X (antigo ...,Terra.com.br,2025-07-11T14:53:10Z,Pernambuco,"""Lula"" AND Brasil"
"Brasil negocia acordo bilateral com os EUA, diz Haddad","""Tem uma equipe do presidente Lula sentada à mesa com o governo americano tratando do nosso acordo bilateral"", afirmou Haddad nesta terça-feira",Abril.com.br,2025-07-08T13:18:20Z,Pernambuco,"""Lula"" AND Brasil"
O Brasil tem o maior Congresso do mundo? Compare com outros países!,País poderá ter 612 parlamentares após as eleições de 2026; Lula ainda não sancionou ou vetou o projeto de lei,Terra.com.br,2025-07-02T07:59:33Z,Pernambuco,"""Lula"" AND Brasil"
Quaest: 72% dos brasileiros dizem que Trump erra ao taxar Brasil alegando perseguição a Bolsonaro,Maioria dos entrevistados considera taxação dos EUA injusta e concorda que Lula tem o direito de retaliar,Terra.com.br,2025-07-16T10:11:14Z,Pernambuco,"""Lula"" AND Brasil"
"Em evento oficial, lula usa boné 'Brasil é dos brasileiros' e ataca Bolsonaro e filho","O presidente Luiz Inácio Lula da Silva usou nesta sexta-feira, 11, um evento oficial para fazer ...",Terra.com.br,2025-07-12T10:50:10Z,Pernambuco,"""Lula"" AND Brasil"
A aposta improvável de Lula no México e a aproximação entre Trump e China,VEJA Mercado debate às 10h a nova estratégia comercial do Brasil e o aceno de Trump à China diante do silêncio em relação ao Brasil,Abril.com.br,2025-07-24T11:00:34Z,Pernambuco,"""Lula"" AND Brasil"
O que diz nova carta de Trump a Bolsonaro,"A mensagem foi publicada por Trump em sua rede social, o Truth Social, e reforça o discurso de que Bolsonaro estaria sendo vítima de perseguição judicial",BBC News,2025-07-18T10:00:24Z,Pernambuco,"""Lula"" AND Brasil"
"Brasil responderá com reciprocidade às tarifas de Trump, diz Lula",Lei sancionada em abril autoriza o governo federal a adotar ‘contramedida’ na forma de restrição às importações de bens e serviços,Abril.com.br,2025-07-09T23:15:17Z,Pernambuco,"""Lula"" AND Brasil"
Nova pesquisa revela vitória de Lula e que população apoia reação a Trump,Levantamento revela ainda aumento na popularidade do presidente Lula,Abril.com.br,2025-07-15T17:37:51Z,Pernambuco,"""Lula"" AND Brasil"
Lula defende o pix e ataca 'traidores da pátria' em pronunciamento; leia a íntegra,"O presidente Luiz Inácio Lula da Silva disse, em pronunciamento em rede nacional de TV nesta ...",Terra.com.br,2025-07-17T23:42:46Z,Pernambuco,"""Lula"" AND Brasil"
Lula volta a rejeitar criticas de Trump,"O Presidente do Brasil, Lula da Silva, voltou a defender mudanças nos órgãos multilaterais globais e afirmou considerar inaceitável que o Brasil e a Índia não estejam na composição permanente da ONU.",Observador.pt,2025-07-08T20:27:37Z,Pernambuco,"""Lula"" AND Brasil"
Lula rebate post de Trump sobre Bolsonaro: ‘não aceitamos interferência’,Nota divulgada pelo petista diz que a democracia no Brasil 'é um tema que compete aos brasileiros',Abril.com.br,2025-07-07T16:32:39Z,Pernambuco,"""Lula"" AND Brasil"
"Tarifas de Trump são 'megalomaníacas' e não afetam tanto quanto ele espera o Brasil, diz Nobel de Economia","Para Paul Krugman, anúncio de Trump não tem qualquer justificativa econômica, serve apenas como um 'programa de proteção a ditadores' e não vai ter grandes efeitos práticos, já que EUA não são principal parceiro comercial do Brasil.",BBC News,2025-07-10T08:17:55Z,Pernambuco,"""Lula"" AND Brasil"
Frase do dia: Lula,Presidente da República,Abril.com.br,2025-07-18T12:22:54Z,Pernambuco,"""Lula"" AND Brasil"
"'Quem valoriza São Paulo não apoia medidas absurdas', diz Rui Costa sobre postura de Tarcísio frente a Trump","Na quarta-feira (9), Tarcísio de Freitas atribuiu a tarifa de 50% imposta por Trump ao Brasil a atitudes do governo Lula (PT); ele evitou criticar o presidente dos EUA",Globo,2025-07-10T15:14:08Z,Pernambuco,"""Lula"" AND Brasil"
Trump fez Lula great again,Sanções americanas impulsionam a campanha da reeleição e dividem a oposição,Abril.com.br,2025-07-12T16:06:07Z,Pernambuco,"""Lula"" AND Brasil"
Medidas de Trump contra Brasil põem países vizinhos em alerta,"A aplicação de tarifas de 50% sobre todas as exportações brasileiras aos Estados Unidos, anunciada por Donald Trump, tem gerado preocupação nos países sul-americanos, especialmente nos governados pela esquerda e com menos capacidade de resposta do que o Brasi…",Terra.com.br,2025-07-17T14:38:13Z,Pernambuco,"""Lula"" AND Brasil"
Neta de Lula grava vídeo para criticar Trump e Bolsonaro por tarifaço: 'Eles querem dominação'; veja,"Bia Lula, neta mais velha do presidente, defende Pix e diz que ferramenta financeira se tornou 'símbolo da nossa independência'",Terra.com.br,2025-07-23T23:20:44Z,Pernambuco,"""Lula"" AND Brasil"
